displayName,userPrincipalName,accountEnabled,mailNickname,jobTitle,department,usageLocation,country,city,state
Logan Peterson,logan.peterson@dkrin3gmail.onmicrosoft.com,true,logan.peterson,DevOps Engineer,IT & Cloud Infrastructure,CA,Canada,Toronto,Ontario
Liam Reyes,liam.reyes@dkrin3gmail.onmicrosoft.com,true,liam.reyes,Site Reliability Engineer,IT & Cloud Infrastructure,CA,Canada,Vancouver,British Columbia
Benjamin Flores,benjamin.flores@dkrin3gmail.onmicrosoft.com,true,benjamin.flores,Security Analyst,Cybersecurity,CA,Canada,Montreal,Quebec
Evelyn Hall,evelyn.hall@dkrin3gmail.onmicrosoft.com,true,evelyn.hall,Penetration Tester,Cybersecurity,CA,Canada,Calgary,Alberta
Lucas Stewart,lucas.stewart@dkrin3gmail.onmicrosoft.com,true,lucas.stewart,Data Scientist,Data & Analytics,CA,Canada,Ottawa,Ontario
Sophia Martinez,sophia.martinez@dkrin3gmail.onmicrosoft.com,true,sophia.martinez,BI Developer,Data & Analytics,CA,Canada,Edmonton,Alberta
Mason Cook,mason.cook@dkrin3gmail.onmicrosoft.com,true,mason.cook,Product Owner,Product Management,CA,Canada,Toronto,Ontario
Charlotte Davis,charlotte.davis@dkrin3gmail.onmicrosoft.com,true,charlotte.davis,Scrum Master,Product Management,CA,Canada,Vancouver,British Columbia
Ethan Bennett,ethan.bennett@dkrin3gmail.onmicrosoft.com,true,ethan.bennett,QA Automation Engineer,Quality Assurance,CA,Canada,Montreal,Quebec
Emma Miller,emma.miller@dkrin3gmail.onmicrosoft.com,true,emma.miller,Manual QA Tester,Quality Assurance,CA,Canada,Calgary,Alberta
Liam Smith,liam.smith@dkrin3gmail.onmicrosoft.com,true,liam.smith,Systems Administrator,IT & Cloud Infrastructure,CA,Canada,Ottawa,Ontario
Olivia Johnson,olivia.johnson@dkrin3gmail.onmicrosoft.com,true,olivia.johnson,Network Engineer,IT & Cloud Infrastructure,CA,Canada,Toronto,Ontario
Noah Williams,noah.williams@dkrin3gmail.onmicrosoft.com,true,noah.williams,Cloud Architect,IT & Cloud Infrastructure,CA,Canada,Vancouver,British Columbia
Emma Brown,emma.brown@dkrin3gmail.onmicrosoft.com,true,emma.brown,SOC Analyst,Cybersecurity,CA,Canada,Montreal,Quebec
Oliver Jones,oliver.jones@dkrin3gmail.onmicrosoft.com,true,oliver.jones,Cybersecurity Engineer,Cybersecurity,CA,Canada,Calgary,Alberta
Charlotte Garcia,charlotte.garcia@dkrin3gmail.onmicrosoft.com,true,charlotte.garcia,IAM Specialist,Cybersecurity,CA,Canada,Edmonton,Alberta
Elijah Miller,elijah.miller@dkrin3gmail.onmicrosoft.com,true,elijah.miller,Data Engineer,Data & Analytics,CA,Canada,Toronto,Ontario
Amelia Davis,amelia.davis@dkrin3gmail.onmicrosoft.com,true,amelia.davis,Machine Learning Engineer,Data & Analytics,CA,Canada,Vancouver,British Columbia
James Rodriguez,james.rodriguez@dkrin3gmail.onmicrosoft.com,true,james.rodriguez,Data Analyst,Data & Analytics,CA,Canada,Ottawa,Ontario
Sophia Martinez,sophia.martinez1@dkrin3gmail.onmicrosoft.com,true,sophia.martinez1,Product Manager,Product Management,CA,Canada,Montreal,Quebec
William Hernandez,william.hernandez@dkrin3gmail.onmicrosoft.com,true,william.hernandez,Technical Product Manager,Product Management,CA,Canada,Calgary,Alberta
Isabella Lopez,isabella.lopez@dkrin3gmail.onmicrosoft.com,true,isabella.lopez,Agile Coach,Product Management,CA,Canada,Edmonton,Alberta
Benjamin Gonzalez,benjamin.gonzalez@dkrin3gmail.onmicrosoft.com,true,benjamin.gonzalez,QA Lead,Quality Assurance,CA,Canada,Toronto,Ontario
Mia Wilson,mia.wilson@dkrin3gmail.onmicrosoft.com,true,mia.wilson,Performance Test Engineer,Quality Assurance,CA,Canada,Vancouver,British Columbia
Lucas Anderson,lucas.anderson@dkrin3gmail.onmicrosoft.com,true,lucas.anderson,Software Tester,Quality Assurance,CA,Canada,Ottawa,Ontario