Name [displayName] Required,User name [userPrincipalName] Required,Initial password [passwordProfile] Required,Account enabled (true/false) [accountEnabled],First name [givenName],Last name [surname],Job title [jobTitle],Department [department],Usage location [usageLocation],Street address [streetAddress],State or province [state],Country or region [country],Office [officeLocation],City [city],ZIP or postal code [postalCode],Business phone [businessPhones],Mobile phone [mobilePhone]
Catherine Dufour,catherine.dufour@dkrin3gmail.onmicrosoft.com,Prod#5026!Pm40k,true,Catherine,Dufour,VP of Product Management,Product Management,CA,,QC,Canada,,Montreal,H3B 2Y5,,
Michael Reid,michael.reid@dkrin3gmail.onmicrosoft.com,Prod#5027!Pm41k,true,Michael,Reid,Director of Product,Product Management,CA,,ON,Canada,,Toronto,M5H 2N2,,
Stephanie Gosselin,stephanie.gosselin@dkrin3gmail.onmicrosoft.com,Prod#5028!Pm42k,true,Stephanie,Gosselin,Senior Product Manager,Product Management,CA,,QC,Canada,,Laval,H7T 2P5,,
Arjun Kapoor,arjun.kapoor@dkrin3gmail.onmicrosoft.com,Prod#5029!Pm43k,true,Arjun,Kapoor,Product Manager,Product Management,CA,,BC,Canada,,Vancouver,V6C 3L6,,
Marc-Andre Belanger,marc-andre.belanger@dkrin3gmail.onmicrosoft.com,Prod#5030!Pm44k,true,Marc-Andre,Belanger,Product Manager,Product Management,CA,,QC,Canada,,Quebec City,G1R 5P9,,
Lauren Campbell,lauren.campbell@dkrin3gmail.onmicrosoft.com,Prod#5031!Pm45k,true,Lauren,Campbell,Technical Product Manager,Product Management,CA,,ON,Canada,,Ottawa,K1P 5G3,,
David Lessard,david.lessard@dkrin3gmail.onmicrosoft.com,Prod#5032!Pm46k,true,David,Lessard,Associate Product Manager,Product Management,CA,,QC,Canada,,Montreal,H3B 2Y5,,
Fatima Rahman,fatima.rahman@dkrin3gmail.onmicrosoft.com,Prod#5033!Pm47k,true,Fatima,Rahman,Product Owner,Product Management,CA,,ON,Canada,,Toronto,M5H 2N2,,
Kyle Johnston,kyle.johnston@dkrin3gmail.onmicrosoft.com,Prod#5034!Pm48k,true,Kyle,Johnston,Product Operations Manager,Product Management,CA,,AB,Canada,,Calgary,T2P 3H7,,
Marilou Cloutier,marilou.cloutier@dkrin3gmail.onmicrosoft.com,Prod#5035!Pm49k,true,Marilou,Cloutier,Product Marketing Manager,Product Management,CA,,QC,Canada,,Laval,H7T 2P5,,
Sean O Brien,sean.obrien@dkrin3gmail.onmicrosoft.com,Prod#5036!Pm50k,true,Sean,O Brien,Product Analyst,Product Management,CA,,NS,Canada,,Halifax,B3J 3R7,,
Annie Michaud,annie.michaud@dkrin3gmail.onmicrosoft.com,Prod#5037!Pm51k,true,Annie,Michaud,UX Research Lead,Product Management,CA,,QC,Canada,,Montreal,H3B 2Y5,,
Peter Yamamoto,peter.yamamoto@dkrin3gmail.onmicrosoft.com,Prod#5038!Pm52k,true,Peter,Yamamoto,Roadmap & Strategy Lead,Product Management,CA,,BC,Canada,,Vancouver,V6C 3L6,,
Josee Perron,josee.perron@dkrin3gmail.onmicrosoft.com,Prod#5039!Pm53k,true,Josee,Perron,Business Analyst,Product Management,CA,,QC,Canada,,Quebec City,G1R 5P9,,
Cameron Hughes,cameron.hughes@dkrin3gmail.onmicrosoft.com,Prod#5040!Pm54k,true,Cameron,Hughes,Product Specialist,Product Management,CA,,MB,Canada,,Winnipeg,R3C 4T3,,
